<?xml version="1.0" encoding="utf-8"?>
<orders>
  <order>
    <customer>Garry</customer>
    <employee>Maxwell Shanahan</employee>
    <date-time>21/08/2017 13:22</date-time>
    <type>ForHere</type>
    <items>
      <item>
        <name>something</name>
        <quantity>1</quantity>
      </item>
      <item>
        <name>Quarter Pounder</name>
        <quantity>2</quantity>
      </item>
      <item>
        <name>Premium chicken sandwich</name>
        <quantity>2</quantity>
      </item>
      <item>
        <name>Chicken Tenders</name>
        <quantity>4</quantity>
      </item>
      <item>
        <name>Just Lettuce</name>
        <quantity>4</quantity>
      </item>
    </items>
  </order>
  <order>
    <customer>Pablo</customer>
    <employee>Avery Rush</employee>
    <date-time>23/11/2017 16:25</date-time>
    <type>ToGo</type>
    <items>
      <item>
        <name>Bacon Deluxe</name>
        <quantity>-2</quantity>
      </item>
      <item>
        <name>Double Cheeseburger</name>
        <quantity>3</quantity>
      </item>
      <item>
        <name>Bacon Deluxe</name>
        <quantity>5</quantity>
      </item>
    </items>
  </order>
  <order>
    <customer>Enrique</customer>
    <employee>someone</employee>
    <date-time>11/06/2017 14:08</date-time>
    <type>ForHere</type>
    <items>
      <item>
        <name>Daily Double</name>
        <quantity>3</quantity>
      </item>
      <item>
        <name>Tasty Basket</name>
        <quantity>4</quantity>
      </item>
      <item>
        <name>Tuna Salad</name>
        <quantity>2</quantity>
      </item>
      <item>
        <name>Minion</name>
        <quantity>5</quantity>
      </item>
    </items>
  </order>
  <order>
    <customer>Joann</customer>
    <employee>Avery Rush</employee>
    <date-time>08/09/2017 23:19</date-time>
    <type>ToGo</type>
    <items>
      <item>
        <name>Bacon Deluxe</name>
        <quantity>1</quantity>
      </item>
      <item>
        <name>Minion</name>
        <quantity>2</quantity>
      </item>
    </items>
  </order>
  <order>
    <customer>Ray</customer>
    <employee>Jolanda Discher</employee>
    <date-time>25/08/2017 20:13</date-time>
    <type>ForHere</type>
    <items>
      <item>
        <name>Tasty Basket</name>
        <quantity>2</quantity>
      </item>
    </items>
  </order>
  <order>
    <customer>Roberta</customer>
    <employee>Maxwell Shanahan</employee>
    <date-time>02/03/2017 07:19</date-time>
    <type>ForHere</type>
    <items>
      <item>
        <name>Premium chicken sandwich</name>
        <quantity>2</quantity>
      </item>
      <item>
        <name>Purple Drink</name>
        <quantity>5</quantity>
      </item>
      <item>
        <name>Cesar Salad</name>
        <quantity>2</quantity>
      </item>
      <item>
        <name>Tuna Salad</name>
        <quantity>1</quantity>
      </item>
      <item>
        <name>Batman</name>
        <quantity>2</quantity>
      </item>
    </items>
  </order>
  <order>
    <customer>Daniel</customer>
    <employee>Dorethea Mumford</employee>
    <date-time>16/12/2017 20:13</date-time>
    <type>ForHere</type>
    <items>
      <item>
        <name>Ranger Burger</name>
        <quantity>4</quantity>
      </item>
      <item>
        <name>BBQ Burger</name>
        <quantity>5</quantity>
      </item>
    </items>
  </order>
  <order>
    <customer>Yolanda</customer>
    <employee>Kym Douse</employee>
    <date-time>28/10/2017 04:25</date-time>
    <type>ForHere</type>
    <items>
      <item>
        <name>Quarter Pounder</name>
        <quantity>5</quantity>
      </item>
      <item>
        <name>BBQ Burger</name>
        <quantity>4</quantity>
      </item>
      <item>
        <name>Fries</name>
        <quantity>1</quantity>
      </item>
    </items>
  </order>
  <order>
    <customer>Pablo</customer>
    <employee>Annett Lewallen</employee>
    <date-time>26/03/2017 06:33</date-time>
    <type>ForHere</type>
    <items>
      <item>
        <name>Crispy Chicken Deluxe</name>
        <quantity>5</quantity>
      </item>
      <item>
        <name>Cake</name>
        <quantity>3</quantity>
      </item>
      <item>
        <name>Just Lettuce</name>
        <quantity>4</quantity>
      </item>
    </items>
  </order>
  <order>
    <customer>Ray</customer>
    <employee>Shin Vallejos</employee>
    <date-time>11/03/2017 04:07</date-time>
    <type>ForHere</type>
    <items>
      <item>
        <name>Crispy Chicken Deluxe</name>
        <quantity>2</quantity>
      </item>
    </items>
  </order>
  <order>
    <customer>Bobbie</customer>
    <employee>Denita Providence</employee>
    <date-time>09/02/2017 01:50</date-time>
    <type>ToGo</type>
    <items>
      <item>
        <name>Premium Chicken Wrap</name>
        <quantity>2</quantity>
      </item>
    </items>
  </order>
  <order>
    <customer>Miguel</customer>
    <employee>Herta Balser</employee>
    <date-time>03/03/2017 21:41</date-time>
    <type>ToGo</type>
    <items>
      <item>
        <name>Bacon Deluxe</name>
        <quantity>1</quantity>
      </item>
      <item>
        <name>Premium Chicken Wrap</name>
        <quantity>3</quantity>
      </item>
      <item>
        <name>Crispy Fries</name>
        <quantity>5</quantity>
      </item>
    </items>
  </order>
  <order>
    <customer>Roberta</customer>
    <employee>Stanton Dahl</employee>
    <date-time>26/09/2017 22:15</date-time>
    <type>ForHere</type>
    <items>
      <item>
        <name>Quarter Pounder</name>
        <quantity>1</quantity>
      </item>
      <item>
        <name>Chicken Nuggets</name>
        <quantity>3</quantity>
      </item>
      <item>
        <name>Chicken Tenders</name>
        <quantity>4</quantity>
      </item>
    </items>
  </order>
  <order>
    <customer>Leona</customer>
    <employee>Felisa Frier</employee>
    <date-time>06/02/2017 00:04</date-time>
    <type>ForHere</type>
    <items>
      <item>
        <name>Bowser</name>
        <quantity>4</quantity>
      </item>
    </items>
  </order>
  <order>
    <customer>Stacey</customer>
    <employee>Avery Rush</employee>
    <date-time>07/10/2017 06:00</date-time>
    <type>ToGo</type>
    <items>
      <item>
        <name>Cheeseburger</name>
        <quantity>5</quantity>
      </item>
      <item>
        <name>Double Cheeseburger</name>
        <quantity>3</quantity>
      </item>
      <item>
        <name>Bacon Deluxe</name>
        <quantity>1</quantity>
      </item>
      <item>
        <name>Luigi</name>
        <quantity>5</quantity>
      </item>
    </items>
  </order>
  <order>
    <customer>Enrique</customer>
    <employee>Shirleen Vonruden</employee>
    <date-time>19/07/2017 17:58</date-time>
    <type>ToGo</type>
    <items>
      <item>
        <name>BBQ Burger</name>
        <quantity>1</quantity>
      </item>
      <item>
        <name>Chicken Tenders</name>
        <quantity>3</quantity>
      </item>
      <item>
        <name>Ice Cream</name>
        <quantity>4</quantity>
      </item>
      <item>
        <name>Mario</name>
        <quantity>4</quantity>
      </item>
    </items>
  </order>
  <order>
    <customer>Guillermo</customer>
    <employee>Iris Foushee</employee>
    <date-time>23/08/2017 08:24</date-time>
    <type>ForHere</type>
    <items>
      <item>
        <name>Triple Cheeseburger</name>
        <quantity>2</quantity>
      </item>
    </items>
  </order>
  <order>
    <customer>Darryl</customer>
    <employee>Classie Mettler</employee>
    <date-time>25/01/2017 13:02</date-time>
    <type>ToGo</type>
    <items>
      <item>
        <name>Triple Cheeseburger</name>
        <quantity>4</quantity>
      </item>
      <item>
        <name>Grilled Chicken Deluxe</name>
        <quantity>4</quantity>
      </item>
      <item>
        <name>Fries</name>
        <quantity>5</quantity>
      </item>
      <item>
        <name>Purple Drink</name>
        <quantity>1</quantity>
      </item>
      <item>
        <name>Tuna Salad</name>
        <quantity>3</quantity>
      </item>
    </items>
  </order>
  <order>
    <customer>Daniel</customer>
    <employee>Ariane Sloan</employee>
    <date-time>24/05/2017 21:58</date-time>
    <type>ForHere</type>
    <items>
      <item>
        <name>Cheeseburger</name>
        <quantity>3</quantity>
      </item>
      <item>
        <name>Snack Wrap</name>
        <quantity>2</quantity>
      </item>
      <item>
        <name>Purple Drink</name>
        <quantity>1</quantity>
      </item>
      <item>
        <name>Minion</name>
        <quantity>4</quantity>
      </item>
    </items>
  </order>
  <order>
    <customer>Bobbie</customer>
    <employee>Avery Rush</employee>
    <date-time>08/04/2017 19:53</date-time>
    <type>ToGo</type>
    <items>
      <item>
        <name>Fries</name>
        <quantity>2</quantity>
      </item>
      <item>
        <name>Crispy Fries</name>
        <quantity>5</quantity>
      </item>
      <item>
        <name>Tuna Salad</name>
        <quantity>2</quantity>
      </item>
    </items>
  </order>
</orders>